id,username,email,password_hash,first_name,last_name,address,phone_number,created_at
1,frigardeau63208,fabian.rigardeau@hotmail.com,#!!%5rn_3_i&j!t!0%2^P)2_g*!hk_!)(!E$y0q^^Hj+!!_#)7uS+_$&H&_u8#+4!F)ipW^^+t7+%^c*!+S!!$$90P7!j!)x)^_,Fabian,Rigardeau,"212 Aldrich Avenue, Huntsville, Alabama, United States, 35810",+1 564 049 0087,2023-10-20T05:30:30+00:00
2,drowe17251,donielle.rowe@skynet.be,s9*__8*9$^)__I!*)t!V!&I)(^JT&!YP3Bc!^Z%c+v^&(*8%BS!C(^F9m_G(Y(&&a!%iVO!#,Donielle,Rowe,"8052 Hartsville Trail, Cleveland, Ohio, United States, 44105",+1 756 027 0003,2024-09-19T05:06:02+00:00
3,jbisgrove51601,jodi.bisgrove@hotmail.com,&#_j)^%fq$7&)!))^_3$br_#4!@_$_&H%e3!Lk$gz)!7%%)&*x%_GVL0icM1,Jodi,Bisgrove,"10387 Provence Court, Washington, District of Columbia, United States, 20566",+1 292 021 0000,2024-05-29T23:18:50+00:00
4,jbilbrooke23906,jordana.bilbrooke@yahoo.com,3!!3u&)&Iv4Q!P$!)&Z)^O#b+!)6^+*v*n_9jM!+^$G!$%+D9^^9D3t^&^(84yT&j9l__(1(&E!#M1!*,Jordana,Bilbrooke,"3404 Geiger Lane, Kalamazoo, Michigan, United States, 49006",+1 173 052 0001,2024-02-03T23:43:32+00:00
5,kmurrells57029,kat.murrells@hotmail.co.uk,!I%!v3_!^^!%!_$_N!f!!!)*^&G)_^*$&t%9kx3_x()72$!xu^_!H^9!!%*5^^5*Zl(q!_3!$2CPKJ!R%#VV9h,Kat,Murrells,"7482 Rolling Oak Avenue, Charlotte, North Carolina, United States, 28284",+1 703 024 0001,2024-01-07T11:41:42+00:00
6,dheisman8496,dyann.heisman@hotmail.co.uk,3HQ+_g+8Q$*3!!!%2_QY*^Sam_^V7j!6B(!!7_6^x)o*G%$O!%1(8NqA+c(X^$&3##5P(&!__sz!ui!se1S_^,Dyann,Heisman,"8474 Formosa Terrace, Indianapolis, Indiana, United States, 46266",+1 861 029 0098,2024-01-09T11:15:06+00:00
7,dgillebride26514,dona.gillebride@att.net,*!_5_s!))x^$2&j(M83!C_&nK_(*!+Vk)^)*^!!fx6s!4#7#((#!)M#*1JX0#_++!*!*,Dona,Gillebride,"6084 Dolan Court, Rockford, Illinois, United States, 61105",+1 861 087 0062,2023-10-05T23:14:58+00:00
8,eyesipov24523,ely.yesipov@live.fr,F+g%0W$c#^^^$!#!%^dD!*$z!^&fZA__(*6R0(!$&F2874*O!!!%!&7_Y!+_4,Ely,Yesipov,"5774 Sherfinski Avenue, Miami, Florida, United States, 33153",+1 681 006 0060,2024-08-17T04:27:23+00:00
9,dthom20830,donica.thom@yahoo.com,l5*!#_!_lI$lNl(*_M8!g$1%j%9_R+!^*7^!*!0D8^a!k)(F)0+mG!g%vv%!^!9(!8RV!_ua_#8%#@,Donica,Thom,"4055 Ely Circle, Philadelphia, Pennsylvania, United States, 19191",+1 794 028 0013,2024-05-09T19:30:55+00:00
10,fcannan27561,fields.cannan@hotmail.com,MAq#$!8%)*e$96+)AyzIL&c6N1__%Q$#%_hN&A*n7(!d)8a!(+__^!_7)a#4D_#H(!Py&)!_,Fields,Cannan,"11363 Avon Loop, Erie, Pennsylvania, United States, 16522",+1 082 001 0076,2024-05-01T15:54:23+00:00
11,mhaulkham57662,mufinella.haulkham@gmail.com,3^7*&!^S76_t_%!%^QX!#(v)_!!!__8_!^S^t8$6^&2SK0Ay)C^+!5*^B!#_!b1*N!_!2$L,Mufinella,Haulkham,"11118 Perdido Bay, Washington, District of Columbia, United States, 20566",+1 052 062 0085,2024-08-13T21:05:17+00:00
12,tstaite22919,torry.staite@outlook.com,##(_8+!!nC_U_*OQ!!!d49^!2nI5T9!!_!_Q+!#_1&(0si^@!)^(*$*W!_8^!!MP##^#J*)*!B&_L!!!,Torry,Staite,"3405 Glen Hollow Way, Washington, District of Columbia, United States, 20238",+1 714 076 0055,2023-12-27T05:54:08+00:00
13,pbembridge64855,persis.bembridge@yahoo.in,!N^c^O__9P!m&i+_!*^lft!_$!B!^$i!j!!&m_G6H_+x!&_9wO&C_@!(*o&6(986)(!&!#&!v^))$*f_$^yY,Persis,Bembridge,"3151 Rockledge Road, Boise, Idaho, United States, 83716",+1 240 087 0012,2024-05-06T16:11:47+00:00
14,wskitch25714,web.skitch@gmail.com,!B!)e_pI!o_(#0!)_R)&&)$^!_n!*(0^!)oS+f10U#&$h#^$i!!_!&B*vf!!,Web,Skitch,"4394 Markward Drive, Rochester, New York, United States, 14614",+1 152 098 0033,2023-10-19T08:14:12+00:00
15,sdeboy43633,sileas.deboy@gmail.com,CxW*n)002!&!Uh!!&2!$2v%!10%da#$+)^A+Q^+Z!((l^I62!49)#H(*^0!&!!#!z8*+$+d(%*EFY^(!!u%82!4!,Sileas,Deboy,"5433 Berwick Terrace, Saint Paul, Minnesota, United States, 55103",+1 222 018 0010,2024-08-18T00:38:04+00:00
16,rgorioli34974,rhody.gorioli@hotmail.com,ZDK^$E^&_#*!_%6kwYX831+!(!!!&v_!^Q!_!(*I)l1!!%*+J$%+!_&x+_!g%%&!#O^+g,Rhody,Gorioli,"10026 Hicks Place, Denver, Colorado, United States, 80223",+1 042 078 0090,2024-10-02T11:50:24+00:00
17,llenaghen60240,lemar.lenaghen@hotmail.com,g7Z46&55!#V%!2*#!^$!1l!(!MAp*o4!&)i8#Bl&^*)8#(zguN4!(I^!^!#Itm4t%H_($R!#+2,Lemar,Lenaghen,"3738 Lilly Lane, Spartanburg, South Carolina, United States, 29319",+1 206 076 0088,2023-11-16T15:44:48+00:00
18,bsanham45448,brucie.sanham@hotmail.com,%)!74k(c_4#72j_0^1SY!!!#*(2!m^07_545Y$^^!%EA_2^*d!a)!0*6%s!%e90V*!ALU#g(!Z!!#_!$7Vf#++#!$_*&,Brucie,Sanham,"7802 Kilcrease Loop, Phoenix, Arizona, United States, 85077",+1 051 088 0054,2024-08-19T16:07:39+00:00
19,rmuddimer41309,reggis.muddimer@gmail.com,pn+2L$_mm_^C)^s%!^$V$eo_!8#X2)!_4$$_!WKY)ai^#!&%!^9%s3A+!^$w_!(!8#&P&+j4(^z_&)d!5!,Reggis,Muddimer,"2608 Evesborough Path, Clearwater, Florida, United States, 34615",+1 362 081 0029,2024-08-02T00:06:01+00:00
20,fkaemena826,fraze.kaemena@hotmail.com,%!5Z__##z*_^_)b^cxW#!nW!Imt9_i!q98c4h#AD0sMt)N!gx$^&i1(+^^2^U&04+#m4!*l)!tt_*,Fraze,Kaemena,"11738 Pelchat Place, Dayton, Ohio, United States, 45426",+1 251 096 0075,2024-03-01T08:35:05+00:00
21,grosini49821,glory.rosini@gmail.com,E!71(^c#7$8!*)(x_*%#+#))D_%d++*!_7Mc4+Ai)0&!s4&^+)r^_^!wHL!1^hF*oBr__!)#!)f%$J,Glory,Rosini,"637 Adamsville Avenue, Macon, Georgia, United States, 31210",+1 565 087 0041,2024-05-30T05:36:54+00:00
22,stanti26475,steffi.tanti@msn.com,d^^!#gv_c0!_$Rk_(!_v1!_tztY!C5#M(6XD)(&!!(R^@Mgf!C)vNx!(t!4!xr2i7n!))!D%Cw^)2_k,Steffi,Tanti,"3603 Kellaher Place, Knoxville, Tennessee, United States, 37919",+1 796 058 0068,2023-10-05T08:53:11+00:00
23,hmatushevitz43486,hillary.matushevitz@hotmail.com,%GHy#gAym7&TU1&#1(k_J+pd!Ok+R!R&+%)o_44L&$^#r!d&!%x_dg9)_f)*!+B)laoJ#@5)#_(!q_*gY2C_52A%+*bd,Hillary,Matushevitz,"10563 Fritillary Terrace, San Diego, California, United States, 92137",+1 981 042 0028,2024-07-24T23:50:06+00:00
24,dmelesk34353,donnie.melesk@hotmail.com,r&6_!!_%^j$vX!^7X*Ps!4##+%r!*%_#lj$!^^NK_r&7Wn!06)j$3_n&Pk0$r*R!(wkrk9!*&Xk^_%!^p0h!@(g!71m!%&!8^,Donnie,Melesk,"5092 Barker Way, Young America, Minnesota, United States, 55557",+1 592 009 0033,2024-05-06T03:29:00+00:00
25,cnapoli11378,claretta.napoli@bellsouth.net,G7p6a6)5+#*!#&!SBy1+9$2Ub^+38!+o!@_b4_31&(8#4_ukQ*#u!9#H^(!^Wr+,Claretta,Napoli,"11851 Thome Loop, Cumming, Georgia, United States, 30130",+1 312 064 0083,2023-12-31T17:51:49+00:00
26,agouldthorp30494,agnese.gouldthorp@msn.com,4_eP!%Q%_1*_i#!d#&1^!%^CI9y#x7or%gJNo+43T!^q*47!_^_&0JD#6!))5r^66!N#^R_!Q+,Agnese,Gouldthorp,"1912 Antonia Place, Albuquerque, New Mexico, United States, 87105",+1 197 064 0053,2024-06-07T09:32:51+00:00
27,tstraker4260,terencio.straker@orange.fr,883k_Z!*e)4$398#@#^t_QCk%8#_^&)4a9%!&*^_!$(d(j$(1^0+(!1g$73^qG#!4!!!^!i!^!8@Mc,Terencio,Straker,"7877 Nantuket Terrace, Fort Worth, Texas, United States, 76134",+1 755 066 0021,2024-06-26T23:14:13+00:00
28,sjordanson10456,sutton.jordanson@yahoo.com,4!5Z$4_^4^(SO_2q%B+!88!)*2)6%5!!1$7_4q0^!#!&+z(k2^!0!!!++#$!(Y!!&Y5#!_^#_$4$!#(^,Sutton,Jordanson,"5026 Yolanda Lane, Largo, Florida, United States, 34643",+1 466 001 0038,2024-05-18T13:16:46+00:00
29,wmathely24935,winna.mathely@hotmail.com,w^&(3_^^(Aw!6#&^A7S_(4d(x!^Zr!7__o^%+*)#+P)j%r$f!!5!!%+_2m+^)+(,Winna,Mathely,"4498 Gaither Court, Columbia, South Carolina, United States, 29208",+1 088 060 0031,2024-01-30T12:44:50+00:00
30,sboobier64552,scottie.boobier@hotmail.com,(+Sd_(a+!!v%Ldl!_d_(4v^6&!^R!4K^(oFNk%7m!!A+#!#^_T*!_+U!!(R!))__%3_!&a,Scottie,Boobier,"9039 Summerville Avenue, Port Washington, New York, United States, 11054",+1 688 070 0063,2024-02-06T10:52:53+00:00
31,fmoughtin22553,farrell.moughtin@hotmail.com,_%^_6X$_^!z^79^2*6t56oGB4e$V5!%^%^7uX+!1_#tBN*%iM6^+^7$%+6!^7AL+^%&^!4_4_X(+*)Nj(2^!!&^^++d7TG!5,Farrell,Moughtin,"12931 Whitten Terrace, Lansing, Michigan, United States, 48956",+1 284 032 0007,2023-12-02T01:47:03+00:00
32,mbiagi22279,micky.biagi@aol.com,!8lh!2Cv!D*8C!n*K$X^R)!x*^z!3!f^E!(h!7!_+_#)*+*%&tQ!!_#^4*+W^!^9!x!mq__^*(!67pz%x)_+2z!4!^x+)10,Micky,Biagi,"3974 Lake Ridge Drive, White Plains, New York, United States, 10606",+1 966 052 0049,2024-02-23T12:18:42+00:00
33,mpickles35278,marcelle.pickles@gmail.com,W(4^36s!!!D^&*78_)O*lf#!1A_#!P!!!k&!!!&7_^oX!!^9+UjW_!r_!1(^GY^$f_%5!e%%M7v+X358#Qr_,Marcelle,Pickles,"11648 Laufersky Lane, Jacksonville, Florida, United States, 32244",+1 323 097 0011,2023-12-11T10:54:14+00:00
34,mdudley32963,mariska.dudley@yahoo.com,Lm*p6$!fb!Q!p!1g9km!(GP@e!0+!(50_%6!#^!_9_5F&!w#^M*8!!8_8_KLD!!!!*yaA!R+P__+(_0!_*^!5Oc,Mariska,Dudley,"10002 Moncks Corner, Houston, Texas, United States, 77090",+1 484 097 0001,2024-04-16T15:49:31+00:00
35,ddot5149,dion.dot@ig.com.br,YR_YsL^_)r!^_#^#%M31+@D!#o99!!^^^1!75*n^_!!4j!^a@g!^_!m)%_!3)(e51!(K0(7!5!!w%!D46#,Dion,Dot,"7528 Timberwood Terrace, Fort Worth, Texas, United States, 76134",+1 808 067 0025,2024-06-02T02:47:01+00:00
36,cdurban36166,coraline.durban@gmail.com,_q%a_6_!*%O!)z5_e%7)_Xxq!L8+2_(^^&_&$%F^f(_@&d0(!!bj_%^!^V61wD^_%&i8!!!,Coraline,Durban,"10160 Abercrombie Way, Dallas, Texas, United States, 75251",+1 289 093 0009,2024-05-07T16:30:56+00:00
37,tbolderson38708,tades.bolderson@yahoo.com,+P!^9$x+$ws2&!c#nJS&9^_*%++*b_^)P91k!!!S_)t^7v95!!0(%$Hp+%!%1&w_e$_59*Oi(V7**ey&*$$)_%)_90!)P,Tades,Bolderson,"3895 Delong Place, Duluth, Georgia, United States, 30096",+1 439 045 0063,2024-05-31T10:12:32+00:00
38,astockall8262,alano.stockall@yahoo.fr,T$)_b(*u!V*#qUn#6S^n!#Y55_!$7U*$$05^1^!u!9)$4_(iI4t*5^w^KU%^&+&2)^&nZe)29(17+(EgiGpYL(!38!8!*^,Alano,Stockall,"13144 Millwood Way, Fresno, California, United States, 93740",+1 606 040 0015,2024-07-29T23:06:37+00:00
39,frivaland32022,florella.rivaland@aol.com,!)^l%O^!(!!+by!0(%l^%V5!0_!e*n))#jf+t)+^c$^^0!&9!g^PY_!!H!Lm$U&+l$nS_$p!j_a,Florella,Rivaland,"12932 Wolf Lane, Canton, Ohio, United States, 44705",+1 624 011 0031,2023-11-11T21:59:29+00:00
40,uflounders54152,uriah.flounders@hotmail.com,!p!*!!(#E!^&!%)_uP*)9^@2!^R$u(P1v##!%H_g!I_!#^)*u5!6gN9!+0!!^^)!X^v_!am*70$&M79!+a^A^&0!8*,Uriah,Flounders,"12498 Chula Court, Saint Petersburg, Florida, United States, 33737",+1 034 094 0060,2024-01-15T14:53:45+00:00
41,jsteenson15370,jenica.steenson@yahoo.com,9+!0+&q*1#8_#7!_^Q!)Z!#!_!#&K*(E*+0!!^83O%Z+@39)*T&Cj+!_^%z_%M^!_X)q__!Nk!8)*#(&#z_0,Jenica,Steenson,"5049 Greyville Court, Springfield, Illinois, United States, 62723",+1 522 056 0010,2024-07-06T00:32:20+00:00
42,bsewards19508,bunny.sewards@aol.com,*I99&&uA!ha!#_!!^!%*R8S7Xg6)Si#%%$!+v%!!^3(49*#31%c!^%%^!8*!!e5)6!_6R1Z0^+0^MLL1_(8TH$_!!%!!,Bunny,Sewards,"991 Augustine Drive, Jamaica, New York, United States, 11431",+1 118 031 0003,2024-07-03T18:34:35+00:00
43,mpizzie45265,maritsa.pizzie@yahoo.com,!1x&5J&^^%!5Z8^_!3__!3U_4&)%+8#61^h3Z!b_O!U$!!_$^0T(!35_A$^A&%__!_^(,Maritsa,Pizzie,"10231 Black Stone Place, Ocala, Florida, United States, 34479",+1 433 090 0059,2024-08-12T23:22:39+00:00
44,ehadden2851,esteban.hadden@yahoo.com,Oa!^6K*+9O!1^_)7&%Aj%m4f!(2^+Y($_$E$!%!Y!$j!*2*%$!)(^B0k^@%1t_!^^T,Esteban,Hadden,"4503 Unique Street, Memphis, Tennessee, United States, 38131",+1 251 030 0087,2024-02-29T14:47:33+00:00
45,cnesbit1607,cesya.nesbit@hotmail.com,5D!i&(_+^mh^AM*XX&j$#!3Qs$&N&F*$(+#7!^&7^$_&+^6!_N3fF(!(%1#!lK_+8_+(2!96_65_!)^^+$%!!!,Cesya,Nesbit,"5822 Fort Mill Court, Brea, California, United States, 92822",+1 032 029 0070,2024-01-16T12:29:41+00:00
46,bdorkens36761,bartolemo.dorkens@gmail.com,v+(!+6!%k#$u%^V^7)8!7)a^^S$4)V^3$ZQ8!!F(6p%3y&9#!cx1)*!+aGo!#X#!_*#!#_7U!$^8N!*LRUL%,Bartolemo,Dorkens,"9673 Havana Trail, Detroit, Michigan, United States, 48224",+1 272 071 0040,2024-09-26T07:58:42+00:00
47,sbathowe32384,sunny.bathowe@hotmail.com,)S%4)&!M+!#!54#AK(!&$!2#8363&D#T(&)lA!!Zv!%B*_^&#gK!^(bX37+)$%!+BE^,Sunny,Bathowe,"4220 Thornehill Avenue, Denver, Colorado, United States, 80243",+1 160 062 0049,2024-06-09T19:53:53+00:00
48,cbeavis45161,cory.beavis@hotmail.com,!!(_!_f^ig_^NL&@#$A&!hJ!72^!98^&Xh(!hY^!M!s^x+&$Ni^js_^4u!!y*!,Cory,Beavis,"11927 Olympia Street, Atlanta, Georgia, United States, 30356",+1 353 034 0032,2023-10-20T03:41:20+00:00
49,rmcalarney35142,robert.mcalarney@hotmail.com,&+E!!!#2!()!(&nn8^9#^!+7W_!^c^!!&+u55L#+(#w!P%p2C#O^s+!(4z^$))!54#j)&*Y0^^^$,Robert,McAlarney,"866 Patricia Place, Baton Rouge, Louisiana, United States, 70805",+1 175 074 0043,2024-09-26T14:59:17+00:00
50,sfranz-schoninger35556,sharl.franz-schoninger@gmail.com,$)!)!k!Y*9!!+!_C8r$_9)X%^_!y#_!%!^6!!d(*_J+*1)b$_7!z!_I!+!C6bn9re27_$m$9(c!#UuQ*)!!_*l!@@A_S^A,Sharl,Franz-Schoninger,"7349 Kingston Way, Oklahoma City, Oklahoma, United States, 73114",+1 349 018 0039,2024-06-06T21:48:48+00:00
51,msissens38575,malia.sissens@yahoo.com,*^Q!qa1*!6^#_!+^+v^!!O!t^&%K&+!*%v4*L)^*L*)!p%3**rp__$#$!!y$^(!E+!iR+,Malia,Sissens,"2624 Kuzmany Court, Atlanta, Georgia, United States, 30386",+1 176 031 0036,2024-04-25T19:56:38+00:00
52,cde marco64077,cloris.de marco@hotmail.com,J+J!^^9AA#%^)*^%92%y34!D!(!^0uy_!0x!+!$&J$M+F*n^!h)^&c^Md_N1!^)^3&u4^^!_iw+gC9!0$Y_#t2,Cloris,de Marco,"4788 Santiago Court, Anaheim, California, United States, 92812",+1 225 092 0014,2023-12-16T20:45:21+00:00
53,hbergeon30371,harli.bergeon@hotmail.com,_!^^)83*a#($#q3$W9_)2!^j*)!!!1187aqk_l#vZ#W^*!B^$_Zr+!h&()^fu+_^X0^*p&!$,Harli,Bergeon,"6599 Useppa Oaks Lane, Carol Stream, Illinois, United States, 60351",+1 569 080 0009,2024-06-24T09:28:32+00:00
54,ebrightwell3919,eddie.brightwell@gmail.com,2R*k_&&$q3!$V!!$!$&&_!^Di!qK^^^)zg^3&!&cH59!(^L4(^N+79!^!d%_hzTId$$7Z50(3(+,Eddie,Brightwell,"265 Bent Tree Lane, York, Pennsylvania, United States, 17405",+1 341 084 0025,2024-05-05T00:16:21+00:00
55,jchiplen17194,jeremias.chiplen@gmail.com,#_!%^13@j#_(!d#q3!%yy7!!63*u!+u_!RR#&A5q!*&e&^_E2i^4!*%&^W_^5n_660d,Jeremias,Chiplen,"1241 Krilov Place, Fresno, California, United States, 93778",+1 447 088 0087,2024-09-13T08:55:35+00:00
56,kbrogan64193,karel.brogan@voila.fr,Z_B#c7p5!!#_!1Q06g88+N4*^!4!)!!0i8!$u)&2!!*kb8n!!^!^)__Wd!UGiR0#^E$Gl)^)!Ch!%^(4&V6)5n$,Karel,Brogan,"10766 Okahumpka Run, Pittsburgh, Pennsylvania, United States, 15279",+1 303 087 0014,2024-04-21T22:04:31+00:00
57,fchasmor31365,freida.chasmor@bol.com.br,J9s$#%225^@gf)B0s^!Z!!!2M(k_+(^0D6J_c%LI3*_e$)&$$%(hn6^^%!Q%&+((%506j7,Freida,Chasmor,"4908 Innfields Court, Edmond, Oklahoma, United States, 73034",+1 261 094 0094,2024-02-13T07:40:05+00:00
58,mphoebe31095,maryanna.phoebe@comcast.net,9!953^3#iPL%(2*%#&!E6!8!E!+()*!)Ph!)(*!!mO3)9g#(+)^!!o!!!K+)^+&X,Maryanna,Phoebe,"9429 Clemson Circle, Greenville, South Carolina, United States, 29615",+1 344 028 0036,2024-09-05T17:36:32+00:00
59,vweatherburn6027,virginia.weatherburn@yahoo.com,T!rv$(73nr3hM2$_1!Vk!b__mQ$ak0^+%gA#%!*2!)#!!2*!9^^Utxl!9*Z2&n$b*9^_#128!Xe8_#^8,Virginia,Weatherburn,"793 Endsley Court, Boise, Idaho, United States, 83722",+1 492 057 0048,2024-02-01T15:06:46+00:00
60,breadmire36997,bette.readmire@yahoo.com,ed$*)R*^vYY9(!3^&62D^!%*^)kP_(6%!!__r&^B&0_u*+$)J&lM!km0Lr!+4X!F01_y!H3)^_!,Bette,Readmire,"5514 Weaton Court, Houston, Texas, United States, 77040",+1 130 079 0097,2024-08-30T15:44:42+00:00
61,jeilert44412,johanna.eilert@hotmail.com,#!H76%D16NW!**7%&^!5pt!^2H$!!G+!))#4!$$(B(!!$_tL6!))!%!u^*+5%e$f!EzzA!^!)^)$Vn%y!_6BM9$4!9cU#*#!!i,Johanna,Eilert,"10525 Noble Way, Clearwater, Florida, United States, 34629",+1 144 029 0034,2024-07-21T20:53:23+00:00
62,ahutcheon24130,annice.hutcheon@hotmail.fr,W&!^+$fC^*!!_*mu!3v^#$y$C2^#Vo95)&!0D2!U^h&*#Yo!Xu_+&dx!oA*1!^Ec(3D7_+$i$!QH%^o!9,Annice,Hutcheon,"11560 Ophelia Lane, Omaha, Nebraska, United States, 68179",+1 943 029 0005,2023-12-19T05:54:00+00:00
63,mmylechreest57049,marianna.mylechreest@yahoo.com,(^a!%R)I+R*!_^^#ywq9%&+!Ba_7&!WH&F$!_^!T!g_YK^vr$&_)X6A+d&!kP!+^(_!o3x!*7u%4!x*+nu,Marianna,Mylechreest,"1017 Causton Court, Long Beach, California, United States, 90831",+1 997 013 0024,2024-08-27T08:21:57+00:00
64,mjordon42268,malinda.jordon@yahoo.com,(!^(H#9_%!_!#5c_!y!Y)*5N#wm(3^R7B!%^))oR!5&)*!*$%++6KGke*#(#_$c$#@,Malinda,Jordon,"11484 Burke Court, Madison, Wisconsin, United States, 53779",+1 664 050 0066,2023-10-29T10:18:58+00:00
65,gpaylie10382,guilbert.paylie@hotmail.co.uk,^^K_&+!!8#zTc&Bl_1!__^B)c#^$$93d0!!(&^*%4_1!)2zL2!)6#7to&cu^%((_!lB!$)sX!N9P8!#_r+B!$bY_!l%#*59y3(,Guilbert,Paylie,"10733 Fieldstone Path, Santa Monica, California, United States, 90410",+1 612 054 0005,2024-04-01T08:10:46+00:00
66,rrisdale6627,roderich.risdale@live.com,nM!l8(zD^%!Ur+4#n$R+X*(_o%T!_f$8_Y!_+^(Z^!(__(9%c!_iufN#+Q!dOls+(_)&q$S%,Roderich,Risdale,"11710 Pond Lane, Northridge, California, United States, 91328",+1 884 091 0092,2024-10-01T14:35:49+00:00
67,vdrennan32004,vassili.drennan@aol.com,%#v^!B5!)%4F7p$3*+u3K^!)*w54!^90aw%!!1L%+wn_eq81Fv+*(6iF!!5*pU^^)j_ejf*#,Vassili,Drennan,"5442 Loree Way, Fort Worth, Texas, United States, 76198",+1 459 096 0096,2024-03-06T02:00:18+00:00
68,ltotterdell36138,livvy.totterdell@gmail.com,m)&_zY%+&%!_%4PmJ^_#aJ(+#c(!^!_Vn1*))j9k*_)!#$H_BN&^7zb!_!85R^4!2(&Z#391#8^T^_4p&$#!0*)&s%i,Livvy,Totterdell,"13069 Moffitt Lane, Naperville, Illinois, United States, 60567",+1 868 097 0022,2024-10-03T19:15:17+00:00
69,emcknish25033,eleni.mcknish@yahoo.com,*_hX#0#&)4!+lH_+j^$+$!!+%#!*_7HxQB*_&1_)(_(!F^))qJ$C!^)b!___P%!(x3e_J^$U%,Eleni,McKnish,"3618 Varnville Way, Daytona Beach, Florida, United States, 32128",+1 359 014 0039,2023-11-07T12:31:39+00:00
70,tperillo16986,thelma.perillo@yahoo.co.in,_8_!!^U!^_!6#%Z(^)F%a%@Mv%!WqRh3qc!Q+)9%)%2!I4LcX#8x_1_!5*8)*&^&$_!G_V!5I(G!)!7Z2#gI^_*!+!*H,Thelma,Perillo,"8854 Naman Court, Greeley, Colorado, United States, 80638",+1 287 070 0008,2024-07-24T16:22:05+00:00
71,rdyzart12934,ruthe.dyzart@gmail.com,n)!^%DZ%7744&e!#v_QQ%Z3$z(0&&!^!(!%1+du*9V+98!!()5(3&d!^^W!!V*!&t_!^#js6l^9+2#8,Ruthe,Dyzart,"1191 Thayer Terrace, Washington, District of Columbia, United States, 20508",+1 861 093 0091,2024-02-17T23:58:51+00:00
72,schurms31053,silvanus.churms@aol.com,E!(^$__!W!Yf$&))%N@^zo!!Q2%^#*3j!^D%!Im!!NO(3&yr!$%R*(!w5!_*B,Silvanus,Churms,"14751 Del Toro Drive, Topeka, Kansas, United States, 66622",+1 715 083 0043,2024-04-24T15:58:36+00:00
73,mbrocklehurst35162,martie.brocklehurst@gmail.com,!_$5na)SS$%()_#9V367*&N%(+Uy_*%!!!yhJ_0+l)%9!j(^#+_*F77!I!!)!23O#hQEe)f6+6_%^,Martie,Brocklehurst,"2286 Evander Avenue, Charlotte, North Carolina, United States, 28263",+1 511 070 0071,2024-02-12T20:37:24+00:00
74,bpidcock63005,blake.pidcock@live.it,)r!6(x#9U#IFW(c1!n_4*8E1#6+!!I*_!6&6W@!3(+a^_RW!)$$m)$U!!G!+z8Gv&!ba,Blake,Pidcock,"1430 Karen Garner Place, Fort Myers, Florida, United States, 33906",+1 464 008 0025,2024-09-25T12:39:03+00:00
75,dattrey46457,dasya.attrey@yahoo.com,1+#!9!QK*M()y+$(n9!y(!%$$85_y)(_%1QbA#_n(*5P9!^+_15K2X$+_y!!^H,Dasya,Attrey,"12971 Northam Terrace, Kingsport, Tennessee, United States, 37665",+1 113 047 0003,2024-01-19T05:58:40+00:00
76,ggregon17926,grannie.gregon@gmail.com,1^!&8!&3^2tRH&(_B(^G!)__9G!%j$)q+6&!zY^a_!_(9A&I7$%*!^)U_1_m!%!&^_1lx3aA&5i)q6(*_N,Grannie,Gregon,"5706 Longbow Trail, Phoenix, Arizona, United States, 85083",+1 423 076 0084,2024-02-12T09:38:00+00:00
77,ballanby46857,bonni.allanby@hotmail.com,!2RZI0%!&1^^s__%)&_!R3!!!!_^*Ln^m%^6&0$_+Qd*7%8Nt!H()l8_O#U^!_(^_^^r^(RX9x,Bonni,Allanby,"3648 Morley Avenue, Gulfport, Mississippi, United States, 39505",+1 600 026 0062,2024-05-01T11:06:17+00:00
78,kiglesia27080,karee.iglesia@msn.com,^&^^^!(%O_z!^(+4iH+b^z$(+R0!f++h8!f^y^^^%!C#67#hL_!o)!&%#i!!p*#c!!!K)K3&_!9ld!9&F#!f^n!+#_$^+$u),Karee,Iglesia,"2716 Gadsden Place, Shreveport, Louisiana, United States, 71137",+1 769 075 0009,2024-03-13T15:27:01+00:00
79,mhalsall33974,monika.halsall@gmail.com,!$_!_^m^F!3D)^E%)3m+&&QlP)H_6j(*s_cJ^++pe5!P!r)k_+^#W&!^c4)D5^Z!#!m$%q2XV^!!_61!h^^$,Monika,Halsall,"3334 Wiechens Way, Washington, District of Columbia, United States, 20099",+1 388 038 0099,2024-02-15T18:45:23+00:00
80,ewinterborne59880,ellsworth.winterborne@hotmail.com,)x05Q^%+!(u6e(^zQd!)!)R^^!$!g!2p9^+)%!Aq*U!!!oH2M9W8)^!^6)sN&))!)!$1,Ellsworth,Winterborne,"6289 Palermo Place, Warren, Michigan, United States, 48092",+1 105 070 0025,2024-02-25T11:19:04+00:00
81,bgoodbarne54427,borden.goodbarne@yahoo.com,#!!^u&!%2L6E#^fE$!(&(TRC&)!I$H!j_v&&&%!*#_I($T&0z&^3d)^$^&R!m!+3S)(%+s$*u$$Y$5!Ub_(2J9!+!($!_^6,Borden,Goodbarne,"8445 Pasadena Way, Tucson, Arizona, United States, 85715",+1 748 004 0077,2024-01-24T01:33:06+00:00
82,cputtrell24221,constantina.puttrell@hotmail.com,&_d!_%g_$%)k#e(%%!^K!A0&!%!P^!e9($!K$7IhI!!_*Rf_^!(4_^R8_!w#%i2Rjo_9I^!6CE2#^3Z3&^(_88u_h,Constantina,Puttrell,"3734 Lowell Terrace, Houston, Texas, United States, 77281",+1 851 014 0042,2023-12-19T02:39:31+00:00
83,dseavers52602,danila.seavers@hotmail.com,*_338^^$O!w&%S$Z(*_d!(d!*E^3!Ko&+(^!&!^!&%^l^t^)4^3!!2++%!(9%JJG!($_,Danila,Seavers,"11836 Fugate Terrace, Tucson, Arizona, United States, 85754",+1 674 073 0053,2024-04-11T19:41:54+00:00
84,amaccahee23783,angy.maccahee@gmail.com,aY&3!g&l_74jw!_&()e!!j3%0!!20e7!#$%!!%&k!wA#Sj)()#%z_wtu3!!!1Q$)#&,Angy,MacCahee,"642 Dray Drive, Albany, Georgia, United States, 31704",+1 936 087 0062,2024-06-02T02:59:41+00:00
85,lruane56555,lea.ruane@aol.com,^_T)$^C+V!QR2$_74!#^(e6d00^!^&_!e_w$#%O2!%Pe!)!^0!!_0(_^nI)!D_#nWqIi!^!eR(%0r,Lea,Ruane,"8243 Eldon Place, San Francisco, California, United States, 94126",+1 639 050 0061,2024-03-16T23:58:58+00:00
86,dwyldish36341,della.wyldish@yahoo.com,to*^^^Ly*gU+Lx(b75_!oI5(!^vU!!!_0n!7l!9k!!t(P^^)@8_Zk_!2S$B$L_+_22!&(%%!H&5^%Q^,Della,Wyldish,"6848 Henry Loop, Arlington, Texas, United States, 76096",+1 594 039 0030,2024-08-06T02:50:24+00:00
87,cdurdy8020,charmain.durdy@hotmail.com,no%@V!JZ+4!01C^!q%+*%0la*)_#D!*Fg*+(_$#f)(1+!N!U)+^!r4^_9F^(6,Charmain,Durdy,"6275 Wax Berry Court, Boise, Idaho, United States, 83727",+1 048 006 0047,2024-02-24T01:15:18+00:00
88,hmeller26861,hurlee.meller@yahoo.com,$(_!26_C_F^%&^n!*_$IE&$)_8#%)T1^9c_YbJ#)4#_K&5#(_^^9!76!J(m$!!N#,Hurlee,Meller,"11534 Daughtry Court, Warren, Ohio, United States, 44485",+1 211 069 0088,2024-08-19T18:42:39+00:00
89,ttolchar18053,tabbi.tolchar@gmail.com,E^07j^6d&I1_7!NVY$t!wy!!_&!o_0o)7^3+1((_B8)@^!!%*9!^!s$^oj_*z!_!%95!4*rR_T!&0,Tabbi,Tolchar,"3096 Windemere Court, Toledo, Ohio, United States, 43666",+1 292 089 0076,2024-01-10T08:34:59+00:00
90,ewoolger25164,erhart.woolger@yahoo.com.br,&60i!!&0XZRwx0_#!^_^!^$hZ$4^(!_U$i!$)!Z!^_E_9%f$_M!^!+#$)+!)*l$!XF&!x+!9$#,Erhart,Woolger,"7585 Nutwood Avenue, Terre Haute, Indiana, United States, 47812",+1 915 045 0087,2024-07-09T19:14:14+00:00
91,apaike65497,anastasie.paike@yahoo.com.mx,kvt+Z$()(!_!&!*V3!!L+$&_#9!^!74!phA!$hU^aHF%!0^5uX8_3!rB_!^2#)co_%^JQ4c,Anastasie,Paike,"717 Roanoke Street, Seattle, Washington, United States, 98166",+1 279 061 0096,2024-04-24T08:50:24+00:00
92,fcornier61323,filia.cornier@hotmail.com,!$8_orV!!__!^3f#_)!+*mD+*&!!&$Z#Z1(4WdM!%%82))Vj+##!!!!^*S4+!_$q*4%ImV^!^^_+_n1%5,Filia,Cornier,"13282 Madrigal Lane, Gainesville, Florida, United States, 32610",+1 588 053 0075,2024-04-16T08:17:11+00:00
93,vousby24161,verna.ousby@yahoo.com,_0N@i7&)^(^f)_+!%2S)&!^2_%_!m_%&%#2*__w6g2$*K0)8^l!+*!74+U14QIBX!,Verna,Ousby,"769 La Posada Drive, Birmingham, Alabama, United States, 35210",+1 324 097 0068,2024-10-01T17:42:08+00:00
94,efreegard48121,enrique.freegard@yahoo.com,(&!_!8+j^PM%%89!&!9n%_3k^)5E2Y#&3I!&Y_$S+!2!_A!!1(l(0^#_9!_r!B!!1*,Enrique,Freegard,"4753 Ashgrove Terrace, Sacramento, California, United States, 94273",+1 664 055 0035,2024-10-03T00:22:50+00:00
95,bdubber16368,barbi.dubber@hotmail.com,)g##T^6!5w$_O!+8_Q0^!%$_!(p__4^a%$^7!!&k^%^+!#!#SK*%!8!*+$wL+^%9^n&&_j^,Barbi,Dubber,"2018 Olenda Drive, Houston, Texas, United States, 77070",+1 439 089 0010,2024-05-06T23:16:00+00:00
96,mprocter58552,marten.procter@web.de,7%)m__$e0__e%n_!K0U7Uf$25srM)%G!&h!!39!+_$!Q!*!yN!_*N^$*1g%#&!1F&s#!!2_j@sh!*n*#_^W_!$X(!))_e&n307,Marten,Procter,"12195 Watch Hill Street, Durham, North Carolina, United States, 27705",+1 078 027 0072,2023-10-08T20:19:01+00:00
97,rcolquitt32484,rianon.colquitt@hotmail.com,^+!!n%@**k_G#)(!2_&R$0Gi^6Sw+81^JcOcl^**D2k!_%_%_!h_)wUV6*^$4Z*,Rianon,Colquitt,"5446 Corley Court, Atlanta, Georgia, United States, 30328",+1 807 084 0050,2024-05-11T20:34:15+00:00
98,cblinco40465,chrystal.blinco@hotmail.com,1+q!#^&%_4^%z(LQ_%!^7(^%(!_^!)u6r#!xk!*&$6&^9^3^fO#+!7_%Il_%^o+)L^$!1u#$e__!,Chrystal,Blinco,"10699 Aalto Place, Salt Lake City, Utah, United States, 84115",+1 843 092 0001,2024-08-21T04:33:32+00:00
99,bnail20509,benoite.nail@yahoo.com,Bup#$&*!K^O#&_&&_#*%3!)#!B**!!!A_!+^&%^!I_)(sV%6D+I#!^!4*!%$^+r_**S1!*G!!j%*p),Benoite,Nail,"10678 Truluck Place, Staten Island, New York, United States, 10305",+1 925 087 0042,2023-12-21T20:33:12+00:00
100,croxbrough12692,camilla.roxbrough@rediffmail.com,&!&^_!!*_6!swm_g&)68(y$no%&H#_4(g_!a!!7#^i%x_&X)E9(!!^*9&###!^#&^!^)3&s8#4TO^^t$(,Camilla,Roxbrough,"6178 Blythe Way, Omaha, Nebraska, United States, 68105",+1 662 015 0030,2023-11-11T16:37:33+00:00
